{"loss": [5.19470739364624, 5.082528591156006, 4.939437389373779, 4.772136688232422, 4.5548906326293945, 4.388709545135498, 4.1767730712890625, 4.01037073135376, 3.881469964981079, 3.8063249588012695, 3.6790060997009277, 3.5489554405212402, 3.4845590591430664, 3.3155999183654785, 3.2351930141448975, 3.166254997253418, 3.083599805831909, 2.9519028663635254, 2.945250988006592, 2.8546009063720703, 2.719562292098999, 2.6871707439422607, 2.588219404220581, 2.5791051387786865, 2.4320874214172363, 2.448617696762085, 2.382225275039673, 2.336106061935425, 2.284838914871216, 2.2650957107543945, 2.2093346118927, 2.015575647354126, 2.044650077819824, 2.022324323654175, 1.9250843524932861, 1.8960011005401611, 1.8143250942230225, 1.8052440881729126, 1.6775661706924438, 1.6585053205490112, 1.554940104484558, 1.5237234830856323, 1.5122045278549194, 1.5264708995819092, 1.45193612575531, 1.4585009813308716, 1.3606112003326416, 1.367843508720398, 1.4358208179473877, 1.3463863134384155], "accuracy": [0.00570776266977191, 0.01940639317035675, 0.02397260256111622, 0.030821917578577995, 0.0388127863407135, 0.0502283088862896, 0.06963470578193665, 0.077625572681427, 0.0890410989522934, 0.0890410989522934, 0.11187214404344559, 0.13127854466438293, 0.1164383590221405, 0.15182648599147797, 0.15753424167633057, 0.18150684237480164, 0.19063927233219147, 0.19748859107494354, 0.1940639317035675, 0.22602739930152893, 0.24200913310050964, 0.24543379247188568, 0.2785388231277466, 0.26255708932876587, 0.2888127863407135, 0.2773972749710083, 0.31849315762519836, 0.3173516094684601, 0.3493150770664215, 0.3162100315093994, 0.35388126969337463, 0.3835616409778595, 0.37899544835090637, 0.37899544835090637, 0.4041095972061157, 0.42465752363204956, 0.43493151664733887, 0.43150684237480164, 0.46347030997276306, 0.4726027250289917, 0.4942922294139862, 0.5308219194412231, 0.5319634675979614, 0.5182648301124573, 0.534246563911438, 0.5308219194412231, 0.5456621050834656, 0.5593607425689697, 0.5536529421806335, 0.5570776462554932], "top3_accuracy": [0.015981735661625862, 0.04109589010477066, 0.06278538703918457, 0.08561643958091736, 0.10616438090801239, 0.12671232223510742, 0.15867580473423004, 0.1837899535894394, 0.1997716873884201, 0.2385844737291336, 0.24543379247188568, 0.284246563911438, 0.2876712381839752, 0.31278538703918457, 0.35388126969337463, 0.35730594396591187, 0.388127863407135, 0.40867578983306885, 0.39840182662010193, 0.439497709274292, 0.4817351698875427, 0.47374430298805237, 0.5182648301124573, 0.5136986374855042, 0.5468036532402039, 0.5468036532402039, 0.568493127822876, 0.5559360980987549, 0.5844748616218567, 0.5878995656967163, 0.6152967810630798, 0.655251145362854, 0.6655251383781433, 0.6415525078773499, 0.689497709274292, 0.6700913310050964, 0.698630154132843, 0.7180365324020386, 0.7557077407836914, 0.7579908967018127, 0.784246563911438, 0.7625570893287659, 0.7910959124565125, 0.7853881120681763, 0.8025113940238953, 0.8082191944122314, 0.8344748616218567, 0.8070776462554932, 0.8047945499420166, 0.8116438388824463], "val_loss": [5.179837226867676, 5.091795921325684, 4.949821949005127, 4.784401893615723, 4.5665693283081055, 4.427872180938721, 4.278161525726318, 4.1081695556640625, 3.9240150451660156, 3.8789753913879395, 3.895688533782959, 3.9013233184814453, 3.6410834789276123, 3.624368190765381, 3.5725035667419434, 3.5935263633728027, 3.427147626876831, 3.515158176422119, 3.616039752960205, 3.4958338737487793, 3.4343204498291016, 3.3205344676971436, 3.418560743331909, 3.429957151412964, 3.422694444656372, 3.1966300010681152, 3.27179217338562, 3.121124267578125, 3.196842670440674, 3.1901211738586426, 3.14808988571167, 2.9604406356811523, 3.0423386096954346, 3.1061370372772217, 3.1435317993164062, 3.094686269760132, 3.0528218746185303, 2.8722338676452637, 2.8712358474731445, 2.8036415576934814, 2.824871063232422, 2.8824315071105957, 2.8894057273864746, 2.835193157196045, 2.7266604900360107, 2.9209203720092773, 2.899993419647217, 2.838529109954834, 2.691551923751831, 2.835365056991577], "val_accuracy": [0.05000000074505806, 0.05000000074505806, 0.0, 0.05000000074505806, 0.10000000149011612, 0.05000000074505806, 0.05000000074505806, 0.10000000149011612, 0.10000000149011612, 0.10000000149011612, 0.0, 0.05000000074505806, 0.15000000596046448, 0.20000000298023224, 0.15000000596046448, 0.20000000298023224, 0.20000000298023224, 0.20000000298023224, 0.15000000596046448, 0.20000000298023224, 0.15000000596046448, 0.15000000596046448, 0.20000000298023224, 0.20000000298023224, 0.30000001192092896, 0.25, 0.20000000298023224, 0.20000000298023224, 0.25, 0.25, 0.25, 0.30000001192092896, 0.20000000298023224, 0.25, 0.30000001192092896, 0.3499999940395355, 0.3499999940395355, 0.3499999940395355, 0.3499999940395355, 0.3499999940395355, 0.3499999940395355, 0.3499999940395355, 0.3499999940395355, 0.4000000059604645, 0.30000001192092896, 0.44999998807907104, 0.4000000059604645, 0.4000000059604645, 0.30000001192092896, 0.3499999940395355], "val_top3_accuracy": [0.05000000074505806, 0.05000000074505806, 0.05000000074505806, 0.10000000149011612, 0.10000000149011612, 0.15000000596046448, 0.10000000149011612, 0.15000000596046448, 0.25, 0.15000000596046448, 0.15000000596046448, 0.20000000298023224, 0.30000001192092896, 0.25, 0.3499999940395355, 0.30000001192092896, 0.30000001192092896, 0.30000001192092896, 0.30000001192092896, 0.4000000059604645, 0.30000001192092896, 0.4000000059604645, 0.4000000059604645, 0.3499999940395355, 0.3499999940395355, 0.4000000059604645, 0.44999998807907104, 0.44999998807907104, 0.44999998807907104, 0.4000000059604645, 0.3499999940395355, 0.5, 0.550000011920929, 0.44999998807907104, 0.550000011920929, 0.4000000059604645, 0.5, 0.5, 0.5, 0.5, 0.5, 0.5, 0.550000011920929, 0.6000000238418579, 0.550000011920929, 0.5, 0.5, 0.5, 0.550000011920929, 0.5], "lr": [