{
    "loss": [
        5.174520015716553,
        5.079555511474609,
        4.91574764251709,
        4.751282691955566,
        4.525290012359619,
        4.35498046875,
        4.205371379852295,
        4.083012580871582,
        3.9113287925720215,
        3.764822244644165,
        3.6618964672088623,
        3.499704360961914,
        3.413957118988037,
        3.3520150184631348,
        3.2537143230438232,
        3.1761891841888428,
        3.101207733154297,
        2.9473319053649902,
        2.874772548675537,
        2.8417840003967285,
        2.6985690593719482,
        2.650428056716919,
        2.541569232940674,
        2.5172996520996094,
        2.4286677837371826,
        2.3989198207855225,
        2.3206067085266113,
        2.3303914070129395,
        2.1019723415374756,
        2.134300470352173,
        1.972859263420105,
        1.9593634605407715,
        1.9526727199554443,
        1.8442693948745728,
        1.7789026498794556,
        1.78746497631073,
        1.724592685699463,
        1.7350727319717407,
        1.6809793710708618,
        1.7739323377609253,
        1.7041466236114502,
        1.5937708616256714,
        1.673038125038147,
        1.6496977806091309,
        1.6209137439727783,
        1.6328692436218262,
        1.5819025039672852,
        1.6058871746063232,
        1.6190614700317383,
        1.5883210897445679
    ],
    "accuracy": [
        0.010273972526192665,
        0.01826483942568302,
        0.028538811951875687,
        0.026255708187818527,
        0.04223744198679924,
        0.051369864493608475,
        0.06621004641056061,
        0.06735159456729889,
        0.0833333358168602,
        0.09931506961584091,
        0.11301369965076447,
        0.13013698160648346,
        0.14840182662010193,
        0.15981735289096832,
        0.16210044920444489,
        0.16894976794719696,
        0.18721461296081543,
        0.19292236864566803,
        0.22374428808689117,
        0.23059360682964325,
        0.24771688878536224,
        0.24885845184326172,
        0.28082191944122314,
        0.293379008769989,
        0.3070776164531708,
        0.3093607425689697,
        0.31506848335266113,
        0.3173516094684601,
        0.3732876777648926,
        0.36301368474960327,
        0.4063926935195923,
        0.39155250787734985,
        0.40981733798980713,
        0.4337899684906006,
        0.4440639317035675,
        0.43493151664733887,
        0.45319634675979614,
        0.4680365324020386,
        0.46347030997276306,
        0.4497717022895813,
        0.4840182662010193,
        0.5057077407836914,
        0.4543378949165344,
        0.4840182662010193,
        0.482876718044281,
        0.5011415481567383,
        0.4954337775707245,
        0.5034246444702148,
        0.5159817337989807,
        0.5011415481567383
    ],
    "top3_accuracy": [
        0.028538811951875687,
        0.06164383515715599,
        0.06963470578193665,
        0.06164383515715599,
        0.1107305958867073,
        0.1335616409778595,
        0.1666666716337204,
        0.1940639317035675,
        0.1940639317035675,
        0.24543379247188568,
        0.27968037128448486,
        0.3047945201396942,
        0.31849315762519836,
        0.3287671208381653,
        0.34018266201019287,
        0.3664383590221405,
        0.3732876777648926,
        0.41894978284835815,
        0.4383561611175537,
        0.439497709274292,
        0.4817351698875427,
        0.4840182662010193,
        0.5490867495536804,
        0.5376712083816528,
        0.5251141786575317,
        0.5650684833526611,
        0.5764840245246887,
        0.5844748616218567,
        0.6404109597206116,
        0.6415525078773499,
        0.6826484203338623,
        0.6792237162590027,
        0.664383590221405,
        0.72374427318573,
        0.7283105254173279,
        0.7351598143577576,
        0.7351598143577576,
        0.7477169036865234,
        0.7363013625144958,
        0.706620991230011,
        0.7511415481567383,
        0.7773972749710083,
        0.7568492889404297,
        0.759132444858551,
        0.77625572681427,
        0.7614155411720276,
        0.7808219194412231,
        0.759132444858551,
        0.7819634675979614,
        0.7545661926269531
    ],
    "val_loss": [
        5.121866703033447,
        4.9212775230407715,
        4.640488624572754,
        4.4351606369018555,
        4.250039100646973,
        4.0202155113220215,
        3.9471487998962402,
        3.8029983043670654,
        3.833357334136963,
        3.7149300575256348,
        3.6352012157440186,
        3.624748706817627,
        3.5680320262908936,
        3.6298813819885254,
        3.47611665725708,
        3.4632515907287598,
        3.460784912109375,
        3.6000454425811768,
        3.4867165088653564,
        3.6705291271209717,
        3.4072165489196777,
        3.491135358810425,
        3.3156325817108154,
        3.324553966522217,
        3.358635663986206,
        3.5033562183380127,
        3.505164384841919,
        3.3824410438537598,
        3.343980073928833,
        3.3386032581329346,
        3.3738155364990234,
        3.364765167236328,
        3.320622205734253,
        3.281773090362549,
        3.3611435890197754,
        3.3467624187469482,
        3.324035167694092,
        3.317082166671753,
        3.293489933013916,
        3.2812156677246094,
        3.2774581909179688,
        3.2558798789978027,
        3.2613205909729004,
        3.2661209106445312,
        3.2792656421661377,
        3.2157058715820312,
        3.2507171630859375,
        3.297734022140503,
        3.2806906700134277,
        3.2188804149627686
    ],
    "val_accuracy": [
        0.05000000074505806,
        0.10000000149011612,
        0.10000000149011612,
        0.05000000074505806,
        0.05000000074505806,
        0.05000000074505806,
        0.10000000149011612,
        0.10000000149011612,
        0.05000000074505806,
        0.15000000596046448,
        0.20000000298023224,
        0.25,
        0.20000000298023224,
        0.05000000074505806,
        0.25,
        0.20000000298023224,
        0.25,
        0.15000000596046448,
        0.15000000596046448,
        0.20000000298023224,
        0.25,
        0.25,
        0.25,
        0.30000001192092896,
        0.25,
        0.15000000596046448,
        0.15000000596046448,
        0.25,
        0.3499999940395355,
        0.3499999940395355,
        0.25,
        0.25,
        0.25,
        0.25,
        0.30000001192092896,
        0.25,
        0.25,
        0.25,
        0.30000001192092896,
        0.30000001192092896,
        0.30000001192092896,
        0.30000001192092896,
        0.30000001192092896,
        0.30000001192092896,
        0.30000001192092896,
        0.30000001192092896,
        0.30000001192092896,
        0.25,
        0.30000001192092896,
        0.30000001192092896
    ],