{
    "loss": [
        5.990718364715576,
        5.587800979614258,
        5.318708896636963,
        5.068973064422607,
        4.916971206665039,
        4.6827898025512695,
        4.552374839782715,
        4.305729389190674,
        4.237344741821289,
        4.058192253112793,
        3.981325149536133,
        3.8150687217712402,
        3.74458646774292,
        3.6404364109039307,
        3.6070921421051025,
        3.3926329612731934,
        3.3666739463806152,
        3.1823291778564453,
        3.053805112838745,
        2.96378493309021,
        2.891735315322876,
        2.8571338653564453,
        2.8702783584594727,
        2.7123076915740967,
        2.6345908641815186,
        2.52783465385437,
        2.4848477840423584,
        2.40929913520813,
        2.2987232208251953,
        2.3139255046844482,
        2.22784686088562,
        2.1294233798980713,
        2.2124297618865967,
        2.034255266189575,
        2.0190186500549316,
        1.9738205671310425,
        1.8766528367996216,
        1.7275274991989136,
        1.8567285537719727,
        1.7628083229064941,
        1.748587727546692,
        1.7049384117126465,
        1.6679863929748535,
        1.5780822038650513,
        1.5131852626800537,
        1.5455888509750366,
        1.4259223937988281,
        1.4489227533340454,
        1.3933182954788208,
        1.3730124235153198,
        1.330980658531189,
        1.2858000993728638,
        1.309100866317749,
        1.3700617551803589,
        1.2219197750091553,
        1.2159243822097778,
        1.2512561082839966,
        1.1608000993728638,
        1.1299843788146973,
        1.1654977798461914,
        1.1185649633407593,
        1.1345280408859253,
        1.0943070650100708,
        1.0854463577270508,
        0.9846897721290588,
        0.9456689357757568,
        0.9279798865318298,
        0.8832576274871826,
        0.9221706986427307,
        0.8933720588684082,
        0.851230800151825,
        0.8263178467750549,
        0.8096004724502563,
        0.7834843397140503,
        0.779872477054596,
        0.7873076796531677,
        0.8451399207115173,
        0.8326833248138428,
        0.7788780331611633
    ],
    "accuracy": [
        0.00913241971284151,
        0.015981735661625862,
        0.028538811951875687,
        0.04566210135817528,
        0.05707762390375137,
        0.06278538703918457,
        0.08789954334497452,
        0.11986301094293594,
        0.11415524780750275,
        0.13584475219249725,
        0.12899543344974518,
        0.15981735289096832,
        0.1666666716337204,
        0.18607306480407715,
        0.20205479860305786,
        0.23744292557239532,
        0.21004566550254822,
        0.2545662224292755,
        0.2785388231277466,
        0.30821916460990906,
        0.3207762539386749,
        0.32534247636795044,
        0.3093607425689697,
        0.34132421016693115,
        0.3481735289096832,
        0.37557077407836914,
        0.38584473729133606,
        0.405251145362854,
        0.44178083539009094,
        0.422374427318573,
        0.4611872136592865,
        0.4543378949165344,
        0.44634702801704407,
        0.5022830963134766,
        0.4840182662010193,
        0.5456621050834656,
        0.5445205569267273,
        0.5730593800544739,
        0.5285388231277466,
        0.5593607425689697,
        0.5490867495536804,
        0.5707762837409973,
        0.5742009282112122,
        0.586758017539978,
        0.5993150472640991,
        0.621004581451416,
        0.6404109597206116,
        0.6267123222351074,
        0.6518265008926392,
        0.6586757898330688,
        0.6678082346916199,
        0.663241982460022,
        0.6678082346916199,
        0.6358447670936584,
        0.7043378949165344,
        0.7043378949165344,
        0.6689497828483582,
        0.7031963467597961,
        0.7100456357002258,
        0.7134703397750854,
        0.7191780805587769,
        0.7226027250289917,
        0.7305936217308044,
        0.7180365324020386,
        0.767123281955719,
        0.7899543642997742,
        0.8036529421806335,
        0.7990867495536804,
        0.7922374606132507,
        0.810502290725708,
        0.8253424763679504,
        0.8082191944122314,
        0.8333333134651184,
        0.8207762837409973,
        0.8321917653083801,
        0.836758017539978,
        0.8219178318977356,
        0.8207762837409973,
        0.8401826620101929
    ],
    "top3_accuracy": [
        0.02054794505238533,
        0.04908675700426102,
        0.06849315017461777,
        0.10844749212265015,
        0.13698630034923553,
        0.15182648599147797,
        0.19178082048892975,
        0.20776255428791046,
        0.23173515498638153,
        0.2705479562282562,
        0.2602739632129669,
        0.3230593502521515,
        0.3504566252231598,
        0.3721461296081543,
        0.3675799071788788,
        0.4337899684906006,
        0.42009133100509644,
        0.4817351698875427,
        0.5159817337989807,
        0.5239726305007935,
        0.543379008769989,
        0.5639269351959229,
        0.5593607425689697,
        0.5936073064804077,
        0.6027397513389587,
        0.621004581451416,
        0.655251145362854,
        0.6666666865348816,
        0.6974886059761047,
        0.681506872177124,
        0.6940639019012451,
        0.7134703397750854,
        0.7146118879318237,
        0.7488584518432617,
        0.7545661926269531,
        0.7694063782691956,
        0.7705479264259338,
        0.8059360980987549,
        0.7808219194412231,
        0.8196346759796143,
        0.8127853870391846,
        0.8173515796661377,
        0.8287671208381653,
        0.8333333134651184,
        0.8595890402793884,
        0.8493150472640991,
        0.8698630332946777,
        0.8824200630187988,
        0.8687214851379395,
        0.871004581451416,
        0.8847032189369202,
        0.8949771523475647,
        0.9006849527359009,
        0.8755707740783691,
        0.9098173379898071,
        0.8926940560340881,
        0.896118700504303,
        0.9075342416763306,
        0.9200913310050964,
        0.9166666865348816,
        0.9063926935195923,
        0.9235159754753113,
        0.9212328791618347,
        0.9178082346916199,
        0.9372146129608154,
        0.948630154132843,
        0.9474886059761047,
        0.9554794430732727,
        0.9589040875434875,
        0.9452054500579834,
        0.9783105254173279,
        0.9634703397750854,
        0.9703196287155151,
        0.9760273694992065,
        0.9748858213424683,
        0.9680365324020386,
        0.956620991230011,
        0.9611872434616089,
        0.965753436088562
    ],