{
  "0": 0.9630952380952381,
  "1": 0.8427083333333333,
  "2": 0.9630952380952381,
  "3": 0.9630952380952381,
  "4": 0.8427083333333333,
  "5": 1.2257575757575758,
  "6": 1.0371794871794873,
  "7": 0.9630952380952381,
  "8": 0.8427083333333333,
  "9": 0.9630952380952381,
  "10": 0.9630952380952381,
  "11": 1.0371794871794873,
  "12": 1.0371794871794873,
  "13": 0.6128787878787879,
  "14": 1.2257575757575758,
  "15": 1.2257575757575758,
  "16": 1.2257575757575758,
  "17": 0.8427083333333333,
  "18": 0.9630952380952381,
  "19": 1.4981481481481482,
  "20": 0.6128787878787879,
  "21": 0.8427083333333333,
  "22": 0.9630952380952381,
  "23": 1.2257575757575758,
  "24": 1.0371794871794873,
  "25": 1.0371794871794873,
  "26": 1.0371794871794873,
  "27": 1.2257575757575758,
  "28": 0.9630952380952381,
  "29": 0.8427083333333333,
  "30": 1.0371794871794873,
  "31": 0.7490740740740741,
  "32": 1.4981481481481482,
  "33": 1.4981481481481482,
  "34": 0.8427083333333333,
  "35": 1.0371794871794873,
  "36": 1.2257575757575758,
  "37": 1.2257575757575758,
  "38": 1.3483333333333334,
  "39": 1.0371794871794873,
  "40": 1.2257575757575758,
  "41": 1.0371794871794873,
  "42": 0.9630952380952381,
  "43": 1.2257575757575758,
  "44": 1.2257575757575758,
  "45": 1.4981481481481482,
  "46": 1.4981481481481482,
  "47": 0.9630952380952381,
  "48": 1.2257575757575758,
  "49": 0.7096491228070175,
  "50": 1.2257575757575758,
  "51": 0.8427083333333333,
  "52": 1.2257575757575758,
  "53": 1.3483333333333334,
  "54": 1.0371794871794873,
  "55": 1.4981481481481482,
  "56": 0.4993827160493827,
  "57": 0.7490740740740741,
  "58": 0.8427083333333333,
  "59": 1.0371794871794873,
  "60": 1.0371794871794873,
  "61": 1.4981481481481482,
  "62": 0.5393333333333333,
  "63": 0.9630952380952381,
  "64": 1.0371794871794873,
  "65": 1.0371794871794873,
  "66": 1.3483333333333334,
  "67": 0.9630952380952381,
  "68": 1.4981481481481482,
  "69": 1.2257575757575758,
  "70": 0.8427083333333333,
  "71": 1.2257575757575758,
  "72": 0.9630952380952381,
  "73": 0.8427083333333333,
  "74": 1.0371794871794873,
  "75": 0.6128787878787879,
  "76": 0.9630952380952381,
  "77": 1.4981481481481482,
  "78": 1.0371794871794873,
  "79": 0.9630952380952381,
  "80": 1.0371794871794873,
  "81": 0.9630952380952381,
  "82": 1.0371794871794873,
  "83": 0.7490740740740741,
  "84": 0.9630952380952381,
  "85": 0.9630952380952381,
  "86": 0.6128787878787879,
  "87": 0.7096491228070175,
  "88": 1.0371794871794873,
  "89": 0.9630952380952381,
  "90": 0.7096491228070175,
  "91": 0.7490740740740741,
  "92": 0.7490740740740741,
  "93": 0.9630952380952381,
  "94": 1.2257575757575758,
  "95": 1.2257575757575758,
  "96": 0.9630952380952381,
  "97": 1.0371794871794873,
  "98": 0.9630952380952381,
  "99": 1.0371794871794873,
  "100": 1.0371794871794873,
  "101": 1.2257575757575758,
  "102": 1.0371794871794873,
  "103": 1.0371794871794873,
  "104": 0.7096491228070175,
  "105": 1.0371794871794873,
  "106": 1.0371794871794873,
  "107": 1.2257575757575758,
  "108": 0.8427083333333333,
  "109": 1.2257575757575758,
  "110": 1.0371794871794873,
  "111": 1.0371794871794873,
  "112": 0.9630952380952381,
  "113": 1.0371794871794873,
  "114": 1.2257575757575758,
  "115": 1.4981481481481482,
  "116": 1.0371794871794873,
  "117": 1.0371794871794873,
  "118": 1.2257575757575758,
  "119": 1.3483333333333334,
  "120": 0.8427083333333333,
  "121": 1.2257575757575758,
  "122": 0.8427083333333333,
  "123": 1.3483333333333334,
  "124": 0.8427083333333333,
  "125": 1.0371794871794873,
  "126": 1.4981481481481482,
  "127": 0.9630952380952381,
  "128": 0.9630952380952381,
  "129": 1.2257575757575758,
  "130": 0.7490740740740741,
  "131": 1.0371794871794873,
  "132": 1.0371794871794873,
  "133": 1.0371794871794873,
  "134": 1.0371794871794873,
  "135": 1.2257575757575758,
  "136": 0.9630952380952381,
  "137": 0.8427083333333333,
  "138": 0.9630952380952381,
  "139": 0.8427083333333333,
  "140": 1.0371794871794873,
  "141": 1.2257575757575758,
  "142": 1.0371794871794873,
  "143": 1.2257575757575758,
  "144": 1.4981481481481482,
  "145": 1.2257575757575758,
  "146": 1.3483333333333334,
  "147": 1.2257575757575758,
  "148": 0.7490740740740741,
  "149": 1.4981481481481482,
  "150": 1.0371794871794873,
  "151": 1.4981481481481482,
  "152": 1.4981481481481482,
  "153": 0.9630952380952381,
  "154": 0.9630952380952381,
  "155": 0.9630952380952381,
  "156": 1.0371794871794873,
  "157": 1.2257575757575758,
  "158": 1.3483333333333334,
  "159": 0.7490740740740741,
  "160": 1.2257575757575758,
  "161": 1.2257575757575758,
  "162": 0.9630952380952381,
  "163": 0.7490740740740741,
  "164": 1.2257575757575758,
  "165": 1.0371794871794873,
  "166": 0.8427083333333333,
  "167": 0.7490740740740741,
  "168": 0.9630952380952381,
  "169": 0.6128787878787879,
  "170": 0.9630952380952381,
  "171": 1.0371794871794873,
  "172": 1.2257575757575758,
  "173": 1.2257575757575758,
  "174": 1.4981481481481482,
  "175": 0.6128787878787879,
  "176": 0.7490740740740741,
  "177": 0.8427083333333333,
  "178": 1.3483333333333334,
  "179": 1.3483333333333334
}